{
    "0": [
        [
            54,
            0.010520469397306442
        ],
        [
            101,
            0.985408365726471
        ]
    ],
    "1": [
        [
            54,
            0.08004723489284515
        ],
        [
            56,
            0.05640197545289993
        ],
        [
            101,
            0.018175162374973297
        ],
        [
            115,
            0.8391778469085693
        ]
    ],
    "2": [
        [
            38,
            0.9964800477027893
        ]
    ],
    "3": [
        [
            17,
            0.8623648285865784
        ],
        [
            54,
            0.13509584963321686
        ]
    ],
    "4": [
        [
            58,
            0.9925923943519592
        ]
    ],
    "5": [
        [
            62,
            0.997211754322052
        ]
    ],
    "6": [
        [
            54,
            0.038094229996204376
        ],
        [
            61,
            0.9602879285812378
        ]
    ],
    "7": [
        [
            41,
            0.994360089302063
        ]
    ],
    "8": [
        [
            25,
            0.9779387712478638
        ],
        [
            54,
            0.019029740244150162
        ]
    ],
    "9": [
        [
            39,
            0.9215371608734131
        ],
        [
            54,
            0.07689150422811508
        ]
    ]
}