{
    "0": [
        [
            10,
            0.9958248734474182
        ]
    ],
    "1": [
        [
            32,
            0.9920840859413147
        ]
    ],
    "2": [
        [
            10,
            0.023381223902106285
        ],
        [
            16,
            0.010224459692835808
        ],
        [
            48,
            0.9263244271278381
        ],
        [
            59,
            0.016216373071074486
        ],
        [
            82,
            0.014828145503997803
        ]
    ],
    "3": [
        [
            46,
            0.9563155174255371
        ],
        [
            59,
            0.039962079375982285
        ]
    ],
    "4": [
        [
            10,
            0.015827465802431107
        ],
        [
            16,
            0.0290827676653862
        ],
        [
            29,
            0.8793140649795532
        ],
        [
            59,
            0.06188918650150299
        ],
        [
            61,
            0.011325882747769356
        ]
    ],
    "5": [
        [
            17,
            0.9922696352005005
        ]
    ],
    "6": [
        [
            59,
            0.9970811009407043
        ]
    ],
    "7": [
        [
            16,
            0.9982516765594482
        ]
    ],
    "8": [
        [
            88,
            0.9939665198326111
        ]
    ],
    "9": [
        [
            61,
            0.9910046458244324
        ]
    ],
    "10": [
        [
            56,
            0.9931285381317139
        ]
    ],
    "11": [
        [
            31,
            0.9968386292457581
        ]
    ],
    "12": [
        [
            48,
            0.014731593430042267
        ],
        [
            82,
            0.9779692888259888
        ]
    ]
}